"LP-3574101903051","Warehouse","partner","Spare Parts Requested"
"LP-3710591904162","Warehouse","partner","Spare Parts Requested"
"LP-3831401905011","Warehouse","partner","Spare Parts Requested"
"LP-3681561903301","Warehouse","partner","Spare Parts Requested"
"LP-3851081905031","Warehouse","partner","Spare Parts Requested"
"LP-3861001905041","Warehouse","partner","Spare Parts Requested"
"LP-3871451905061","Warehouse","partner","Spare Parts Requested"
"LP-1752641905102","Warehouse","partner","Spare Parts Requested"
"LP-3925771905091","Warehouse","partner","Spare Parts Requested"
"LP-3968721905111","Warehouse","partner","Spare Parts Requested"
"LP-3874571905051","Warehouse","partner","Spare Parts Requested"
"LP-3909531905081","Warehouse","partner","Spare Parts Requested"
"LP-3878211905051","Warehouse","partner","Spare Parts Requested"
"LP-3931291905091","Warehouse","partner","Spare Parts Requested"
"LP-3890001905061","Warehouse","partner","Spare Parts Requested"
"LP-4008481905141","Warehouse","partner","Spare Parts Requested"
"LP-4008651905141","Warehouse","partner","Spare Parts Requested"
"LP-4014591905151","Warehouse","partner","Spare Parts Requested"
"LP-4043491905171","Warehouse","partner","Spare Parts Requested"
"LP-3918941905142","Warehouse","partner","Spare Parts Requested"
"LP-3912881905081","Warehouse","partner","Spare Parts Requested"
"LP-4055851905171","Warehouse","partner","Spare Parts Requested"
"LP-3975271905162","Warehouse","partner","Spare Parts Requested"
"LP-4035111905161","Warehouse","partner","Spare Parts Requested"
"LP-3966431905111","Warehouse","partner","Spare Parts Requested"
"LP-4047471905171","Warehouse","partner","Spare Parts Requested"
"LP-4067931905181","Warehouse","partner","Spare Parts Requested"
"LP-4064591905181","Warehouse","partner","Spare Parts Requested"
"LP-3887731905132","Warehouse","partner","Spare Parts Requested"
"LP-4001211905141","Warehouse","partner","Spare Parts Requested"
"LP-3738841905184","Warehouse","partner","Spare Parts Requested"
"LP-3868591905041","Warehouse","partner","Spare Parts Requested"
"LP-3984221905131","Warehouse","partner","Spare Parts Requested"
"LP-4024871905161","Warehouse","partner","Spare Parts Requested"
"LP-3994211905192","Warehouse","partner","Spare Parts Requested"
"LP-4109641905221","Warehouse","partner","Spare Parts Requested"
"LP-4064821905181","Warehouse","partner","Spare Parts Requested"
"LP-4049231905171","Warehouse","partner","Spare Parts Requested"
"LP-3998741905213","Warehouse","partner","Spare Parts Requested"
"LP-4123131905221","Warehouse","partner","Spare Parts Requested"
"LP-3937661905233","Warehouse","partner","Spare Parts Requested"
"LP-4108521905211","Warehouse","partner","Spare Parts Requested"
"LP-4083651905201","Warehouse","partner","Spare Parts Requested"
"LP-4096281905201","Warehouse","partner","Spare Parts Requested"
"LP-4143591905241","Warehouse","partner","Spare Parts Requested"
"LP-4143591905241","Warehouse","partner","Spare Parts Requested"
"LP-4061531905181","Warehouse","partner","Spare Parts Requested"
"LP-4083791905201","Warehouse","partner","Spare Parts Requested"
"LP-4134811905231","Warehouse","partner","Spare Parts Requested"
"LP-4123481905221","Warehouse","partner","Spare Parts Requested"
"LP-4111611905211","Warehouse","partner","Spare Parts Requested"
"LP-4097301905201","Warehouse","partner","Spare Parts Requested"
"LP-3908401905081","Warehouse","partner","Spare Parts Requested"
"LP-4129591905231","Warehouse","partner","Spare Parts Requested"
"LP-3971301905111","Warehouse","partner","Spare Parts Requested"
"LP-4100081905211","Warehouse","partner","Spare Parts Requested"
"LP-4070691905181","Warehouse","partner","Spare Parts Requested"
"LP-4097201905201","Warehouse","partner","Spare Parts Requested"
"LP-4068621905181","Warehouse","partner","Spare Parts Requested"
"LP-4064771905181","Warehouse","partner","Spare Parts Requested"
"LP-4154101905251","Warehouse","partner","Spare Parts Requested"
"LP-4166111905251","Warehouse","partner","Spare Parts Requested"
"LP-4129081905231","Warehouse","partner","Spare Parts Requested"
"LP-4129411905231","Warehouse","partner","Spare Parts Requested"
"LP-4195791905281","Warehouse","partner","Spare Parts Requested"
"LP-4132361905231","Warehouse","partner","Spare Parts Requested"
"LP-3854341905282","Warehouse","partner","Spare Parts Requested"
"LP-4190721905281","Warehouse","partner","Spare Parts Requested"
"LP-4190691905281","Warehouse","partner","Spare Parts Requested"
"LP-4190741905281","Warehouse","partner","Spare Parts Requested"
"LP-4216281905291","Warehouse","partner","Spare Parts Requested"
"LP-4063521905181","Warehouse","partner","Spare Parts Requested"
"LP-3965241905244","Warehouse","partner","Spare Parts Requested"
"LP-4212031905291","Warehouse","partner","Spare Parts Requested"
"LP-4158091905251","Warehouse","partner","Spare Parts Requested"
"LP-4133641905312","Warehouse","partner","Spare Parts Requested"
"LP-4222031905291","Warehouse","partner","Spare Parts Requested"
"LP-4208341905291","Warehouse","partner","Spare Parts Requested"
"LP-4201101905281","Warehouse","partner","Spare Parts Requested"
"LP-4173971905261","Warehouse","partner","Spare Parts Requested"
"LP-4198171905281","Warehouse","partner","Spare Parts Requested"
"LP-4203841905281","Warehouse","partner","Spare Parts Requested"
"LP-4225781905301","Warehouse","partner","Spare Parts Requested"
"LP-4224401905301","Warehouse","partner","Spare Parts Requested"
"LP-4154911905241","Warehouse","partner","Spare Parts Requested"
"LP-4153631905241","Warehouse","partner","Spare Parts Requested"
"LP-4226501905301","Warehouse","partner","Spare Parts Requested"
"LP-4177721905261","Warehouse","partner","Spare Parts Requested"
"LP-4213641905291","Warehouse","partner","Spare Parts Requested"
"LP-4219801905291","Warehouse","partner","Spare Parts Requested"
"LP-4174151905261","Warehouse","partner","Spare Parts Requested"
"LP-4233621905301","Warehouse","partner","Spare Parts Requested"
"LP-4205351905281","Warehouse","partner","Spare Parts Requested"
"LP-4044371905171","Warehouse","partner","Spare Parts Requested"
"LP-4235771905301","Warehouse","partner","Spare Parts Requested"
"LP-4216331905291","Warehouse","partner","Spare Parts Requested"
"LP-4215591905291","Warehouse","partner","Spare Parts Requested"
"LP-4236351905301","Warehouse","partner","Spare Parts Requested"
"LP-4128881905231","Warehouse","partner","Spare Parts Requested"
"LP-4128881905231","Warehouse","partner","Spare Parts Requested"
"LP-4244791905311","Warehouse","partner","Spare Parts Requested"
"LP-4156741905251","Warehouse","partner","Spare Parts Requested"
"LP-4202651905281","Warehouse","partner","Spare Parts Requested"
"LP-3840691905021","Warehouse","partner","Spare Parts Requested"
"LP-4252801905311","Warehouse","partner","Spare Parts Requested"
"LP-4157301905251","Warehouse","partner","Spare Parts Requested"
"LP-4305451906041","Warehouse","partner","Spare Parts Requested"
"LP-4288481906031","Warehouse","partner","Spare Parts Requested"
"LP-4204711906042","Warehouse","partner","Spare Parts Requested"
"LP-4316531906051","Warehouse","partner","Spare Parts Requested"
"LP-4289021906031","Warehouse","partner","Spare Parts Requested"
"LP-4025871905161","Warehouse","partner","Spare Parts Requested"
"LP-4309031906041","Warehouse","partner","Spare Parts Requested"
"LP-4324711906051","Warehouse","partner","Spare Parts Requested"
"LP-4321601906051","Warehouse","partner","Spare Parts Requested"
"LP-4303431906041","Warehouse","partner","Spare Parts Requested"
"LP-4302331906041","Warehouse","partner","Spare Parts Requested"
"LP-4216041906062","Warehouse","partner","Spare Parts Requested"
"LP-3802881906052","Warehouse","partner","Spare Parts Requested"
"LP-4322141906051","Warehouse","partner","Spare Parts Requested"
"LP-4346321906071","Warehouse","partner","Spare Parts Requested"
"LP-4264271906082","Warehouse","partner","Spare Parts Requested"
"LP-4312361906041","Warehouse","partner","Spare Parts Requested"
"LP-4300331906041","Warehouse","partner","Spare Parts Requested"
"LP-4333711906061","Warehouse","partner","Spare Parts Requested"
"LP-4192801905281","Warehouse","partner","Spare Parts Requested"
"LP-4305781906072","Warehouse","partner","Spare Parts Requested"
"LP-4294521906031","Warehouse","partner","Spare Parts Requested"
"LP-4040961905161","Warehouse","partner","Spare Parts Requested"
"LP-4341901906061","Warehouse","partner","Spare Parts Requested"
"LP-4378391906091","Warehouse","partner","Spare Parts Requested"
"LP-4351761906071","Warehouse","partner","Spare Parts Requested"
"LP-4291451906031","Warehouse","partner","Spare Parts Requested"
"LP-4367471906081","Warehouse","partner","Spare Parts Requested"
"LP-4278981906112","Warehouse","partner","Spare Parts Requested"
"LP-4278981906112","Warehouse","partner","Spare Parts Requested"
"LP-4240811905311","Warehouse","partner","Spare Parts Requested"
"LP-4345131906061","Warehouse","partner","Spare Parts Requested"
"LP-4373021906081","Warehouse","partner","Spare Parts Requested"
"LP-4391751906101","Warehouse","partner","Spare Parts Requested"
"LP-4391811906101","Warehouse","partner","Spare Parts Requested"
"LP-4262041906011","Warehouse","partner","Spare Parts Requested"
"LP-4342761906061","Warehouse","partner","Spare Parts Requested"
"LP-4379451906091","Warehouse","partner","Spare Parts Requested"
"LP-4428081906121","Warehouse","partner","Spare Parts Requested"
"LP-4260581906112","Warehouse","partner","Spare Parts Requested"
"LP-4321321906051","Warehouse","partner","Spare Parts Requested"
"LP-4409571906111","Warehouse","partner","Spare Parts Requested"
"LP-4243241906112","Warehouse","partner","Spare Parts Requested"
"LP-4391361906101","Warehouse","partner","Spare Parts Requested"
"LP-4405881906111","Warehouse","partner","Spare Parts Requested"
"LP-4054011906125","Warehouse","partner","Spare Parts Requested"
"LP-3968021906053","Warehouse","partner","Spare Parts Requested"
"LP-4425191906121","Warehouse","partner","Spare Parts Requested"
"LP-4183861905271","Warehouse","partner","Spare Parts Requested"
"LP-4086651905201","Warehouse","partner","Spare Parts Requested"
"LP-4432111906131","Warehouse","partner","Spare Parts Requested"
"LP-4431671906131","Warehouse","partner","Spare Parts Requested"
"LP-4411281906111","Warehouse","partner","Spare Parts Requested"
"LP-4422931906121","Warehouse","partner","Spare Parts Requested"
"LP-4472731906161","Warehouse","partner","Spare Parts Requested"
"LP-4435731906131","Warehouse","partner","Spare Parts Requested"
"LP-4393651906101","Warehouse","partner","Spare Parts Requested"
"LP-4475171906161","Warehouse","partner","Spare Parts Requested"
"LP-4326121906051","Warehouse","partner","Spare Parts Requested"
"LP-4414511906111","Warehouse","partner","Spare Parts Requested"
"LP-4421511906121","Warehouse","partner","Spare Parts Requested"
"LP-4465321906161","Warehouse","partner","Spare Parts Requested"
"LP-4458861906151","Warehouse","partner","Spare Parts Requested"
"LP-4495971906181","Warehouse","partner","Spare Parts Requested"
"LP-4340051906172","Warehouse","partner","Spare Parts Requested"
"LP-4470881906151","Warehouse","partner","Spare Parts Requested"
"LP-4472951906161","Warehouse","partner","Spare Parts Requested"
"LP-4494481906171","Warehouse","partner","Spare Parts Requested"
"LP-4264231906021","Warehouse","partner","Spare Parts Requested"
"LP-4016481906132","Warehouse","partner","Spare Parts Requested"
"LP-4499301906181","Warehouse","partner","Spare Parts Requested"
"LP-4499301906181","Warehouse","partner","Spare Parts Requested"
"LP-4458181906151","Warehouse","partner","Spare Parts Requested"
"LP-4530001906201","Warehouse","partner","Spare Parts Requested"
"LP-4337291906132","Warehouse","partner","Spare Parts Requested"
"LP-4255661906172","Warehouse","partner","Spare Parts Requested"
"LP-4209941905291","Warehouse","partner","Spare Parts Requested"
"LP-4415811906111","Warehouse","partner","Spare Parts Requested"
"LP-4530361906201","Warehouse","partner","Spare Parts Requested"
"LP-4460301906202","Warehouse","partner","Spare Parts Requested"
"LP-4473351906202","Warehouse","partner","Spare Parts Requested"
"LP-4267001906203","Warehouse","partner","Spare Parts Requested"
"LP-4525951906201","Warehouse","partner","Spare Parts Requested"
"LP-4406791906205","Warehouse","partner","Spare Parts Requested"
"LP-4502671906181","Warehouse","partner","Spare Parts Requested"
"LP-4439681906131","Warehouse","partner","Spare Parts Requested"
"LP-4439681906131","Warehouse","partner","Spare Parts Requested"
"LP-4215351905291","Warehouse","partner","Spare Parts Requested"
"LP-4215391905291","Warehouse","partner","Spare Parts Requested"
"LP-4215931905291","Warehouse","partner","Spare Parts Requested"
"LP-4216191905291","Warehouse","partner","Spare Parts Requested"
"LP-4029261905161","Warehouse","partner","Spare Parts Requested"
"LP-4029261905161","Warehouse","partner","Spare Parts Requested"
"LP-4544731906211","Warehouse","partner","Spare Parts Requested"
"LP-4043701905172","Warehouse","partner","Spare Parts Requested"
"LP-4037511905232","Warehouse","partner","Spare Parts Requested"
"LP-4527141906201","Warehouse","partner","Spare Parts Requested"
"LP-4469411906151","Warehouse","partner","Spare Parts Requested"
"LP-4469411906151","Warehouse","partner","Spare Parts Requested"
"LP-3676261906212","Warehouse","partner","Spare Parts Requested"
"LP-4526811906201","Warehouse","partner","Spare Parts Requested"
"LP-4214571906162","Warehouse","partner","Spare Parts Requested"
"LP-4112181906212","Warehouse","partner","Spare Parts Requested"
"LP-4237541906205","Warehouse","partner","Spare Parts Requested"
"LP-4423841906121","Warehouse","partner","Spare Parts Requested"
"LP-4529391906201","Warehouse","partner","Spare Parts Requested"
"LP-4280561906202","Warehouse","partner","Spare Parts Requested"
"LP-4549411906221","Warehouse","partner","Spare Parts Requested"
"LP-4532181906201","Warehouse","partner","Spare Parts Requested"
"LP-4184871906222","Warehouse","partner","Spare Parts Requested"
"LP-4550971906221","Warehouse","partner","Spare Parts Requested"
"LP-4528951906201","Warehouse","partner","Spare Parts Requested"
"LP-4544911906211","Warehouse","partner","Spare Parts Requested"
"LP-4178611905271","Warehouse","partner","Spare Parts Requested"
"LP-4551401906221","Warehouse","partner","Spare Parts Requested"
"LP-3918941905142","Warehouse","partner","Spare Parts Requested"
"LP-3918941905142","Warehouse","partner","Spare Parts Requested"
"LP-4268301906242","Warehouse","partner","Spare Parts Requested"
"LP-4571841906242","Warehouse","partner","Spare Parts Requested"
"LP-4299881906153","Warehouse","partner","Spare Parts Requested"
"LP-4411261906242","Warehouse","partner","Spare Parts Requested"
"LP-4507331906181","Warehouse","partner","Spare Parts Requested"
"LP-4523101906191","Warehouse","partner","Spare Parts Requested"
"LP-4520921906201","Warehouse","partner","Spare Parts Requested"
"LP-4571551906241","Warehouse","partner","Spare Parts Requested"
"LP-4410281906111","Warehouse","partner","Spare Parts Requested"
"LP-4516511906243","Warehouse","partner","Spare Parts Requested"
"LP-4505531906181","Warehouse","partner","Spare Parts Requested"
"LP-4573161906241","Warehouse","partner","Spare Parts Requested"
"LP-21392719062414","Warehouse","partner","Spare Parts Requested"
"LP-4582041906241","Warehouse","partner","Spare Parts Requested"
"LP-4542391906211","Warehouse","partner","Spare Parts Requested"
"LP-3892301905292","Warehouse","partner","Spare Parts Requested"
"LP-4215621906183","Warehouse","partner","Spare Parts Requested"
"LP-4539181906211","Warehouse","partner","Spare Parts Requested"
"LP-4526501906201","Warehouse","partner","Spare Parts Requested"
"LP-4004031905141","Warehouse","partner","Spare Parts Requested"
"LP-4581051906241","Warehouse","partner","Spare Parts Requested"
"LP-4578231906241","Warehouse","partner","Spare Parts Requested"
"LP-4591881906251","Warehouse","partner","Spare Parts Requested"
"LP-4583111906241","Warehouse","partner","Spare Parts Requested"
"LP-4549271906221","Warehouse","partner","Spare Parts Requested"
"LP-4576491906241","Warehouse","partner","Spare Parts Requested"
"LP-4606711906271","Warehouse","partner","Spare Parts Requested"
"LP-4607381906271","Warehouse","partner","Spare Parts Requested"
"LP-4568321906231","Warehouse","partner","Spare Parts Requested"
"LP-3835281906224","Warehouse","partner","Spare Parts Requested"
"LP-4565711906231","Warehouse","partner","Spare Parts Requested"
"LP-4005951906264","Warehouse","partner","Spare Parts Requested"
"LP-4190641906274","Warehouse","partner","Spare Parts Requested"
"LP-4488761906243","Warehouse","partner","Spare Parts Requested"
"LP-4578391906241","Warehouse","partner","Spare Parts Requested"
"LP-4609031906282","Warehouse","partner","Spare Parts Requested"
"LP-4263721906292","Warehouse","partner","Spare Parts Requested"
"LP-4111061906292","Warehouse","partner","Spare Parts Requested"
"LP-4626901906291","Warehouse","partner","Spare Parts Requested"
"LP-4627941906291","Warehouse","partner","Spare Parts Requested"
"LP-4237521906102","Warehouse","partner","Spare Parts Requested"
"LP-3878601906275","Warehouse","partner","Spare Parts Requested"
"LP-4609451906271","Warehouse","partner","Spare Parts Requested"
"LP-4578211906241","Warehouse","partner","Spare Parts Requested"
"LP-4479931906171","Warehouse","partner","Spare Parts Requested"
"LP-4571081906263","Warehouse","partner","Spare Parts Requested"
"LP-4005901905141","Warehouse","partner","Spare Parts Requested"
"LP-4270631906011","Warehouse","partner","Spare Parts Requested"
"LP-4201641906123","Warehouse","partner","Spare Parts Requested"
"LP-4635851906291","Warehouse","partner","Spare Parts Requested"
"LP-4627571906291","Warehouse","partner","Spare Parts Requested"
"LP-4106441905211","Warehouse","partner","Spare Parts Requested"
"LP-4245571905311","Warehouse","partner","Spare Parts Requested"
"LP-4631911906291","Warehouse","partner","Spare Parts Requested"
"LP-4638191906301","Warehouse","partner","Spare Parts Requested"
"LP-4643801907011","Warehouse","partner","Spare Parts Requested"
"LP-4647271907011","Warehouse","partner","Spare Parts Requested"
"LP-4079571907032","Warehouse","partner","Spare Parts Requested"
"LP-4447411906303","Warehouse","partner","Spare Parts Requested"
"LP-4390481906292","Warehouse","partner","Spare Parts Requested"
"LP-4631691906291","Warehouse","partner","Spare Parts Requested"
"LP-4684101907041","Warehouse","partner","Spare Parts Requested"
"LP-4676691907031","Warehouse","partner","Spare Parts Requested"
"LP-4676691907031","Warehouse","partner","Spare Parts Requested"
"LP-4676691907031","Warehouse","partner","Spare Parts Requested"
"LP-4669791907031","Warehouse","partner","Spare Parts Requested"
"LP-4623351906281","Warehouse","partner","Spare Parts Requested"
"LP-4638821906301","Warehouse","partner","Spare Parts Requested"
"LP-4267701907053","Warehouse","partner","Spare Parts Requested"
"LP-4629461906291","Warehouse","partner","Spare Parts Requested"
"LP-4638701906301","Warehouse","partner","Spare Parts Requested"
"LP-4611071907012","Warehouse","partner","Spare Parts Requested"
"LP-4302211906041","Warehouse","partner","Spare Parts Requested"
"LP-4647431907011","Warehouse","partner","Spare Parts Requested"
"LP-4694521907051","Warehouse","partner","Spare Parts Requested"
"LP-4635421906291","Warehouse","partner","Spare Parts Requested"
"LP-3811601904261","Warehouse","partner","Spare Parts Requested"
"LP-4040121907042","Warehouse","partner","Spare Parts Requested"
"LP-4681641907041","Warehouse","partner","Spare Parts Requested"
"LP-4650841907072","Warehouse","partner","Spare Parts Requested"
"LP-4696081907051","Warehouse","partner","Spare Parts Requested"
"LP-3830031905011","Warehouse","partner","Spare Parts Requested"
"LP-4592281907074","Warehouse","partner","Spare Parts Requested"
"LP-4653501907032","Warehouse","partner","Spare Parts Requested"
"LP-4364101906242","Warehouse","partner","Spare Parts Requested"
"LP-4312001906041","Warehouse","partner","Spare Parts Requested"
"LP-4703581907061","Warehouse","partner","Spare Parts Requested"
"LP-4669421907031","Warehouse","partner","Spare Parts Requested"
"LP-109601907043","Warehouse","partner","Spare Parts Requested"
"LP-3925611905091","Warehouse","partner","Spare Parts Requested"
"LP-4391971906182","Warehouse","partner","Spare Parts Requested"
"LP-4710111907071","Warehouse","partner","Spare Parts Requested"
"LP-4697501907051","Warehouse","partner","Spare Parts Requested"
"LP-4689041907051","Warehouse","partner","Spare Parts Requested"
"LP-4383081906091","Warehouse","partner","Spare Parts Requested"
"LP-4684281907041","Warehouse","partner","Spare Parts Requested"
"LP-4737961907101","Warehouse","partner","Spare Parts Requested"
"LP-4670541907082","Warehouse","partner","Spare Parts Requested"
"LP-4568331907092","Warehouse","partner","Spare Parts Requested"
"LP-4580181906241","Warehouse","partner","Spare Parts Requested"
"LP-4624181907103","Warehouse","partner","Spare Parts Requested"
"LP-4625681907102","Warehouse","partner","Spare Parts Requested"
"LP-4636511906301","Warehouse","partner","Spare Parts Requested"
"LP-4644531907011","Warehouse","partner","Spare Parts Requested"
"LP-4614171906271","Warehouse","partner","Spare Parts Requested"
"LP-4469671906252","Warehouse","partner","Spare Parts Requested"
"LP-4614841906271","Warehouse","partner","Spare Parts Requested"
"LP-4574101907122","Warehouse","partner","Spare Parts Requested"
"LP-4207951906232","Warehouse","partner","Spare Parts Requested"
"LP-4745161907101","Warehouse","partner","Spare Parts Requested"
"LP-4415111906111","Warehouse","partner","Spare Parts Requested"
"LP-4757551907111","Warehouse","partner","Spare Parts Requested"
"LP-4746561907101","Warehouse","partner","Spare Parts Requested"
"LP-4761041907121","Warehouse","partner","Spare Parts Requested"
"LP-4719431907081","Warehouse","partner","Spare Parts Requested"
"LP-4053581905171","Warehouse","partner","Spare Parts Requested"
"LP-4488561906171","Warehouse","partner","Spare Parts Requested"
"LP-4642721907011","Warehouse","partner","Spare Parts Requested"
"LP-4753111907111","Warehouse","partner","Spare Parts Requested"
"LP-4632071906291","Warehouse","partner","Spare Parts Requested"
"LP-4770611907131","Warehouse","partner","Spare Parts Requested"
"LP-4766911907121","Warehouse","partner","Spare Parts Requested"
"LP-4788341907151","Warehouse","partner","Spare Parts Requested"
"LP-4791361907151","Warehouse","partner","Spare Parts Requested"
"LP-4797691907161","Warehouse","partner","Spare Parts Requested"
"LP-4796261907161","Warehouse","partner","Spare Parts Requested"
"LP-4806101907171","Warehouse","partner","Spare Parts Requested"
"LP-4403801906111","Warehouse","partner","Spare Parts Requested"
"LP-4813081907171","Warehouse","partner","Spare Parts Requested"
"LP-4798831907161","Warehouse","partner","Spare Parts Requested"
"LP-4442561906131","Warehouse","partner","Spare Parts Requested"
"LP-4511381906191","Warehouse","partner","Spare Parts Requested"
"LP-4823481907181","Warehouse","partner","Spare Parts Requested"
"LP-4791061907151","Warehouse","partner","Spare Parts Requested"
"LP-4634281907172","Warehouse","partner","Spare Parts Requested"
"LP-4825561907181","Warehouse","partner","Spare Parts Requested"
"LP-4173201905261","Warehouse","partner","Spare Parts Requested"
"LP-4173201905261","Warehouse","partner","Spare Parts Requested"
"LP-4814181907171","Warehouse","partner","Spare Parts Requested"
"LP-4046351905171","Warehouse","partner","Spare Parts Requested"
"LP-4770951907131","Warehouse","partner","Spare Parts Requested"
"LP-4081131905201","Warehouse","partner","Spare Parts Requested"
"LP-43676619072027","Warehouse","partner","Spare Parts Requested"
"LP-4852311907221","Warehouse","partner","Spare Parts Requested"
"LP-4549141907192","Warehouse","partner","Spare Parts Requested"
"LP-4410651906121","Warehouse","partner","Spare Parts Requested"
"LP-4675891907031","Warehouse","partner","Spare Parts Requested"
"LP-4724921907222","Warehouse","partner","Spare Parts Requested"
"LP-4145251907233","Warehouse","partner","Spare Parts Requested"
"LP-3936761907223","Warehouse","partner","Spare Parts Requested"
"LP-4861391907221","Warehouse","partner","Spare Parts Requested"
"LP-4871811907231","Warehouse","partner","Spare Parts Requested"
"LP-4865961907231","Warehouse","partner","Spare Parts Requested"
"LP-4122261907182","Warehouse","partner","Spare Parts Requested"
"LP-4582491907222","Warehouse","partner","Spare Parts Requested"
"LP-4044681906103","Warehouse","partner","Spare Parts Requested"
"LP-4842061907201","Warehouse","partner","Spare Parts Requested"
"LP-4842061907201","Warehouse","partner","Spare Parts Requested"
"LP-4877331907241","Warehouse","partner","Spare Parts Requested"
"LP-4646891907192","Warehouse","partner","Spare Parts Requested"
"LP-4672511907252","Warehouse","partner","Spare Parts Requested"
"LP-4817471907181","Warehouse","partner","Spare Parts Requested"
"LP-3967391907236","Warehouse","partner","Spare Parts Requested"
"LP-4875301907241","Warehouse","partner","Spare Parts Requested"
"LP-3866251907252","Warehouse","partner","Spare Parts Requested"
"LP-4322541906051","Warehouse","partner","Spare Parts Requested"
"LP-4212981905291","Warehouse","partner","Spare Parts Requested"
"LP-4850051907262","Warehouse","partner","Spare Parts Requested"
"LP-4629801907023","Warehouse","partner","Spare Parts Requested"
"LP-4544691906211","Warehouse","partner","Spare Parts Requested"
"LP-4884171907262","Warehouse","partner","Spare Parts Requested"
"LP-4524521906201","Warehouse","partner","Spare Parts Requested"
"LP-4907341907271","Warehouse","partner","Spare Parts Requested"
"LP-4898521907261","Warehouse","partner","Spare Parts Requested"
"LP-4900711907261","Warehouse","partner","Spare Parts Requested"
"LP-4801941907161","Warehouse","partner","Spare Parts Requested"
"PV-4185831907252","Warehouse","partner","Spare Parts Requested"
"LP-4915021907271","Warehouse","partner","Spare Parts Requested"
"LP-4352251906071","Warehouse","partner","Spare Parts Requested"
"LP-4893801907251","Warehouse","partner","Spare Parts Requested"
"PV-4654031907021","Warehouse","partner","Spare Parts Requested"
"PV-4891261907261","Warehouse","partner","Spare Parts Requested"
"LP-4916821907281","Warehouse","partner","Spare Parts Requested"
"LP-4922841907291","Warehouse","partner","Spare Parts Requested"
"LP-4923771907291","Warehouse","partner","Spare Parts Requested"
"LP-3909511905081","Warehouse","partner","Spare Parts Requested"
"LP-4017801907315","Warehouse","partner","Spare Parts Requested"
"LP-4810021907171","Warehouse","partner","Spare Parts Requested"
"LP-4809241907171","Warehouse","partner","Spare Parts Requested"
"LP-4915841907271","Warehouse","partner","Spare Parts Requested"
"LP-4943381907311","Warehouse","partner","Spare Parts Requested"
"LP-4867721907231","Warehouse","partner","Spare Parts Requested"
"LP-4941561907311","Warehouse","partner","Spare Parts Requested"
"LP-4434421907292","Warehouse","partner","Spare Parts Requested"
"LP-4884141907241","Warehouse","partner","Spare Parts Requested"
"LP-4600511906261","Warehouse","partner","Spare Parts Requested"
"LP-4224381908013","Warehouse","partner","Spare Parts Requested"
"LP-4933611907301","Warehouse","partner","Spare Parts Requested"
"LP-4933611907301","Warehouse","partner","Spare Parts Requested"
"LP-4933611907301","Warehouse","partner","Spare Parts Requested"
"LP-4785891907151","Warehouse","partner","Spare Parts Requested"
"PV-3921911908028","Warehouse","partner","Spare Parts Requested"
"LP-4706301908022","Warehouse","partner","Spare Parts Requested"
"LP-4546971908022","Warehouse","partner","Spare Parts Requested"
"LP-4824851907312","Warehouse","partner","Spare Parts Requested"
"LP-4101281908044","Warehouse","partner","Spare Parts Requested"
"LP-4946701907311","Warehouse","partner","Spare Parts Requested"
"LP-4955121908011","Warehouse","partner","Spare Parts Requested"
"LP-4937171908032","Warehouse","partner","Spare Parts Requested"
"LP-3857931908014","Warehouse","partner","Spare Parts Requested"
"LP-4979291908031","Warehouse","partner","Spare Parts Requested"
"LP-4434931906131","Warehouse","partner","Spare Parts Requested"
"LP-4963541908021","Warehouse","partner","Spare Parts Requested"
"LP-4963541908021","Warehouse","partner","Spare Parts Requested"
"LP-4971031908021","Warehouse","partner","Spare Parts Requested"
"LP-4978311908031","Warehouse","partner","Spare Parts Requested"
"LP-4978311908031","Warehouse","partner","Spare Parts Requested"
"LP-4602001908052","Warehouse","partner","Spare Parts Requested"
"LP-4973111908031","Warehouse","partner","Spare Parts Requested"
"LP-4972931908031","Warehouse","partner","Spare Parts Requested"
"LP-4979381908031","Warehouse","partner","Spare Parts Requested"
"LP-4536121908052","Warehouse","partner","Spare Parts Requested"
"LP-4986931908051","Warehouse","partner","Spare Parts Requested"
"LP-4987431908051","Warehouse","partner","Spare Parts Requested"
"LP-4990801908051","Warehouse","partner","Spare Parts Requested"
"LP-5009491908071","Warehouse","partner","Spare Parts Requested"
"LP-38931019080221","Warehouse","partner","Spare Parts Requested"
"LP-4624121906281","Warehouse","partner","Spare Parts Requested"
"LP-5005141908061","Warehouse","partner","Spare Parts Requested"
"LP-4871061907231","Warehouse","partner","Spare Parts Requested"
"LP-4991441908051","Warehouse","partner","Spare Parts Requested"
"LP-5006701908061","Warehouse","partner","Spare Parts Requested"
"LP-4664001908064","Warehouse","partner","Spare Parts Requested"
"LP-5002231908061","Warehouse","partner","Spare Parts Requested"
"LP-4993071908051","Warehouse","partner","Spare Parts Requested"
"PV-4854911908052","Warehouse","partner","Spare Parts Requested"
"LP-4899291907261","Warehouse","partner","Spare Parts Requested"
"LP-5008471908071","Warehouse","partner","Spare Parts Requested"
"LP-4992991908051","Warehouse","partner","Spare Parts Requested"
"LP-4992991908051","Warehouse","partner","Spare Parts Requested"
"LP-5017251908071","Warehouse","partner","Spare Parts Requested"
"LP-5022921908081","Warehouse","partner","Spare Parts Requested"
"LP-5022921908081","Warehouse","partner","Spare Parts Requested"
"LP-4091791907066","Warehouse","partner","Spare Parts Requested"
"LP-5028411908081","Warehouse","partner","Spare Parts Requested"
"LP-5013071908071","Warehouse","partner","Spare Parts Requested"
"LP-3906901908022","Warehouse","partner","Spare Parts Requested"
"LP-4979861908102","Warehouse","partner","Spare Parts Requested"
"PV-5040091908101","Warehouse","partner","Spare Parts Requested"
"LP-4685571907041","Warehouse","partner","Spare Parts Requested"
"LP-4925451907291","Warehouse","partner","Spare Parts Requested"
"LP-4921271908112","Warehouse","partner","Spare Parts Requested"
"LP-4964721908021","Warehouse","partner","Spare Parts Requested"
"LP-4816521907181","Warehouse","partner","Spare Parts Requested"
"LP-4292491906112","Warehouse","partner","Spare Parts Requested"
"LP-4997851908092","Warehouse","partner","Spare Parts Requested"
"LP-5036661908091","Warehouse","partner","Spare Parts Requested"
"LP-5036661908091","Warehouse","partner","Spare Parts Requested"
"LP-5044211908101","Warehouse","partner","Spare Parts Requested"
"LP-4965211908021","Warehouse","partner","Spare Parts Requested"
"LP-5059251908121","Warehouse","partner","Spare Parts Requested"
"LP-5073431908131","Warehouse","partner","Spare Parts Requested"
"LP-5054071908111","Warehouse","partner","Spare Parts Requested"
"LP-4583661908023","Warehouse","partner","Spare Parts Requested"
"LP-4583661908023","Warehouse","partner","Spare Parts Requested"
"LP-4952951908011","Warehouse","partner","Spare Parts Requested"
"LP-5081191908141","Warehouse","partner","Spare Parts Requested"
"LP-5082011908141","Warehouse","partner","Spare Parts Requested"
"LP-5071131908131","Warehouse","partner","Spare Parts Requested"
"LP-5084851908141","Warehouse","partner","Spare Parts Requested"
"LP-5086301908151","Warehouse","partner","Spare Parts Requested"
"LP-5051361908111","Warehouse","partner","Spare Parts Requested"
"LP-4662131908062","Warehouse","partner","Spare Parts Requested"
"LP-4993161908051","Warehouse","partner","Spare Parts Requested"
"LP-5070781908131","Warehouse","partner","Spare Parts Requested"
"LP-5036781908132","Warehouse","partner","Spare Parts Requested"
"LP-5083931908141","Warehouse","partner","Spare Parts Requested"
"LP-5063941908121","Warehouse","partner","Spare Parts Requested"
"LP-5038021908091","Warehouse","partner","Spare Parts Requested"
"LP-5094761908161","Warehouse","partner","Spare Parts Requested"
"LP-4729171908162","Warehouse","partner","Spare Parts Requested"
"LP-4729171908162","Warehouse","partner","Spare Parts Requested"
"LP-4902861908172","Warehouse","partner","Spare Parts Requested"
"LP-5103141908161","Warehouse","partner","Spare Parts Requested"
"LP-5082121908141","Warehouse","partner","Spare Parts Requested"
"LP-5095621908161","Warehouse","partner","Spare Parts Requested"
"LP-5085371908141","Warehouse","partner","Spare Parts Requested"
"LP-5085371908141","Warehouse","partner","Spare Parts Requested"
"PV-5080891908141","Warehouse","partner","Spare Parts Requested"
"LP-4383361908092","Warehouse","partner","Spare Parts Requested"
"LP-5097241908161","Warehouse","partner","Spare Parts Requested"
"LP-5077361908131","Warehouse","partner","Spare Parts Requested"
"LP-5070821908131","Warehouse","partner","Spare Parts Requested"
"LP-5106031908161","Warehouse","partner","Spare Parts Requested"
"LP-4225111908162","Warehouse","partner","Spare Parts Requested"
"LP-4675711907031","Warehouse","partner","Spare Parts Requested"
"LP-4925511908172","Warehouse","partner","Spare Parts Requested"
"LP-5105841908161","Warehouse","partner","Spare Parts Requested"
"LP-5108741908171","Warehouse","partner","Spare Parts Requested"
"LP-5108741908171","Warehouse","partner","Spare Parts Requested"
"LP-5102791908161","Warehouse","partner","Spare Parts Requested"
"LP-5110791908171","Warehouse","partner","Spare Parts Requested"
"LP-5113411908171","Warehouse","partner","Spare Parts Requested"
"LP-5104831908161","Warehouse","partner","Spare Parts Requested"
"LP-4684281907041","Warehouse","partner","Spare Parts Requested"
"LP-4684281907041","Warehouse","partner","Spare Parts Requested"
"LP-4684281907041","Warehouse","partner","Spare Parts Requested"
"LP-4684281907041","Warehouse","partner","Spare Parts Requested"
"LP-5118211908181","Warehouse","partner","Spare Parts Requested"
"PV-2949981908183","Warehouse","partner","Spare Parts Requested"
"LP-5092121908151","Warehouse","partner","Spare Parts Requested"
"LP-5100851908161","Warehouse","partner","Spare Parts Requested"
"LP-4066161907062","Warehouse","partner","Spare Parts Requested"
"LP-5033781908132","Warehouse","partner","Spare Parts Requested"
"LP-5119421908181","Warehouse","partner","Spare Parts Requested"
"LP-5099481908161","Warehouse","partner","Spare Parts Requested"
"LP-5133661908191","Warehouse","partner","Spare Parts Requested"
"LP-4565911908192","Warehouse","partner","Spare Parts Requested"
"LP-4565911908192","Warehouse","partner","Spare Parts Requested"
"LP-5112511908171","Warehouse","partner","Spare Parts Requested"
"LP-5083501908141","Warehouse","partner","Spare Parts Requested"
"LP-4780051908142","Warehouse","partner","Spare Parts Requested"
"LP-4698301908163","Warehouse","partner","Spare Parts Requested"
"LP-5048811908194","Warehouse","partner","Spare Parts Requested"
"LP-5085101908141","Warehouse","partner","Spare Parts Requested"
"LP-5099401908161","Warehouse","partner","Spare Parts Requested"
"LP-5099401908161","Warehouse","partner","Spare Parts Requested"
"LP-5129171908191","Warehouse","partner","Spare Parts Requested"
"LP-5132401908191","Warehouse","partner","Spare Parts Requested"
"LP-4213781908193","Warehouse","partner","Spare Parts Requested"
"LP-5140621908201","Warehouse","partner","Spare Parts Requested"
"LP-5059961908121","Warehouse","partner","Spare Parts Requested"
"LP-5141311908201","Warehouse","partner","Spare Parts Requested"
"LP-5039581908091","Warehouse","partner","Spare Parts Requested"
"LP-5136081908201","Warehouse","partner","Spare Parts Requested"
"LP-5138201908201","Warehouse","partner","Spare Parts Requested"
"PV-5137141908201","Warehouse","partner","Spare Parts Requested"
"LP-5142441908201","Warehouse","partner","Spare Parts Requested"
"LP-5122801908191","Warehouse","partner","Spare Parts Requested"
"LP-5033811908227","Warehouse","partner","Spare Parts Requested"
"LP-5033811908227","Warehouse","partner","Spare Parts Requested"
"LP-4558591907292","Warehouse","partner","Spare Parts Requested"
"LP-5151331908211","Warehouse","partner","Spare Parts Requested"
"LP-4528951906201","Warehouse","partner","Spare Parts Requested"
"LP-5145651908212","Warehouse","partner","Spare Parts Requested"
"LP-5158351908221","Warehouse","partner","Spare Parts Requested"
"LP-4198561908195","Warehouse","partner","Spare Parts Requested"
"LP-4098081905211","Warehouse","partner","Spare Parts Requested"
"LP-5162871908221","Warehouse","partner","Spare Parts Requested"
"LP-5129321908191","Warehouse","partner","Spare Parts Requested"
"LP-5084711908202","Warehouse","partner","Spare Parts Requested"
"LP-5158401908221","Warehouse","partner","Spare Parts Requested"
"LP-5158401908221","Warehouse","partner","Spare Parts Requested"
"LP-4725641907081","Warehouse","partner","Spare Parts Requested"
"LP-5175951908231","Warehouse","partner","Spare Parts Requested"
"LP-4221891908243","Warehouse","partner","Spare Parts Requested"
"LP-5173621908231","Warehouse","partner","Spare Parts Requested"
"LP-5134901908191","Warehouse","partner","Spare Parts Requested"
"LP-5141081908262","Warehouse","partner","Spare Parts Requested"
"LP-5178611908241","Warehouse","partner","Spare Parts Requested"
"LP-4622041908202","Warehouse","partner","Spare Parts Requested"
"LP-1752641905102","Warehouse","partner","Spare Parts Requested"
"LP-5085881908262","Warehouse","partner","Spare Parts Requested"
"LP-5186541908251","Warehouse","partner","Spare Parts Requested"
"LP-5192781908261","Warehouse","partner","Spare Parts Requested"
"LP-4092071908262","Warehouse","partner","Spare Parts Requested"
"LP-4092071908262","Warehouse","partner","Spare Parts Requested"
"LP-5165661908221","Warehouse","partner","Spare Parts Requested"
"PV-5192551908261","Warehouse","partner","Spare Parts Requested"
"LP-4989531908262","Warehouse","partner","Spare Parts Requested"
"LP-5199811908271","Warehouse","partner","Spare Parts Requested"
"LP-5191061908261","Warehouse","partner","Spare Parts Requested"
"LP-5208691908271","Warehouse","partner","Spare Parts Requested"
"LP-4989621908242","Warehouse","partner","Spare Parts Requested"
"LP-5143511908201","Warehouse","partner","Spare Parts Requested"
"LP-5157871908221","Warehouse","partner","Spare Parts Requested"
"LP-5085091908202","Warehouse","partner","Spare Parts Requested"
"LP-5194451908261","Warehouse","partner","Spare Parts Requested"
"LP-5194451908261","Warehouse","partner","Spare Parts Requested"
"LP-5000301908283","Warehouse","partner","Spare Parts Requested"
"LP-5225321908291","Warehouse","partner","Spare Parts Requested"
"LP-5082011908141","Warehouse","partner","Spare Parts Requested"
"LP-5230931908291","Warehouse","partner","Spare Parts Requested"
"LP-4863831908102","Warehouse","partner","Spare Parts Requested"
"LP-5218561908281","Warehouse","partner","Spare Parts Requested"
"LP-5155051908211","Warehouse","partner","Spare Parts Requested"
"LP-5216411908281","Warehouse","partner","Spare Parts Requested"
"LP-4573381908212","Warehouse","partner","Spare Parts Requested"
"LP-5041471908302","Warehouse","partner","Spare Parts Requested"
"LP-5245381908311","Warehouse","partner","Spare Parts Requested"
"LP-5179461908304","Warehouse","partner","Spare Parts Requested"
"LP-5237571908301","Warehouse","partner","Spare Parts Requested"
"LP-5242481908301","Warehouse","partner","Spare Parts Requested"
"LP-4046951905255","Warehouse","partner","Spare Parts Requested"
"LP-5226381908291","Warehouse","partner","Spare Parts Requested"
"LP-5233851908301","Warehouse","partner","Spare Parts Requested"
"LP-5233851908301","Warehouse","partner","Spare Parts Requested"
"LP-5250231908311","Warehouse","partner","Spare Parts Requested"
"LP-5246541908311","Warehouse","partner","Spare Parts Requested"
"LP-5168211908292","Warehouse","partner","Spare Parts Requested"
"LP-5252301908311","Warehouse","partner","Spare Parts Requested"
"LP-5252511908311","Warehouse","partner","Spare Parts Requested"
"LP-5242101908301","Warehouse","partner","Spare Parts Requested"
"LP-5231101908291","Warehouse","partner","Spare Parts Requested"
"LP-3931301905203","Warehouse","partner","Spare Parts Requested"
"LP-4070731905181","Warehouse","partner","Spare Parts Requested"
"LP-5220831908281","Warehouse","partner","Spare Parts Requested"
"LP-5265021909021","Warehouse","partner","Spare Parts Requested"
"LP-5265021909021","Warehouse","partner","Spare Parts Requested"
"LP-5230551908291","Warehouse","partner","Spare Parts Requested"
"LP-5257761909011","Warehouse","partner","Spare Parts Requested"
"LP-5255031909011","Warehouse","partner","Spare Parts Requested"
"LP-5263981909021","Warehouse","partner","Spare Parts Requested"
"LP-5266011909021","Warehouse","partner","Spare Parts Requested"
"LP-5257921909011","Warehouse","partner","Spare Parts Requested"
"LP-5255491909011","Warehouse","partner","Spare Parts Requested"
"LP-5255491909011","Warehouse","partner","Spare Parts Requested"
"LP-5255611909011","Warehouse","partner","Spare Parts Requested"
"LP-5244601908311","Warehouse","partner","Spare Parts Requested"
"LP-5052771909022","Warehouse","partner","Spare Parts Requested"
"LP-5234801908301","Warehouse","partner","Spare Parts Requested"
"LP-5271981909031","Warehouse","partner","Spare Parts Requested"
"LP-5226221908291","Warehouse","partner","Spare Parts Requested"
"LP-5281461909041","Warehouse","partner","Spare Parts Requested"
"LP-5281461909041","Warehouse","partner","Spare Parts Requested"
"LP-4160131905251","Warehouse","partner","Spare Parts Requested"
"LP-46010319083131","Warehouse","partner","Spare Parts Requested"
"LP-5289631909041","Warehouse","partner","Spare Parts Requested"
"LP-5291561909051","Warehouse","partner","Spare Parts Requested"
"LP-5291561909051","Warehouse","partner","Spare Parts Requested"
"LP-5291561909051","Warehouse","partner","Spare Parts Requested"
"LP-5129541908191","Warehouse","partner","Spare Parts Requested"
"LP-5295431909051","Warehouse","partner","Spare Parts Requested"
"LP-5277441909031","Warehouse","partner","Spare Parts Requested"
"LP-5295431909051","Warehouse","partner","Spare Parts Requested"
"LP-3940111908176","Warehouse","partner","Spare Parts Requested"
"LP-5290421909041","Warehouse","partner","Spare Parts Requested"
"LP-5291711909051","Warehouse","partner","Spare Parts Requested"
"LP-5266251909021","Warehouse","partner","Spare Parts Requested"
"LP-4942821907311","Warehouse","partner","Spare Parts Requested"
"LP-5298931909051","Warehouse","partner","Spare Parts Requested"
"LP-5233561908301","Warehouse","partner","Spare Parts Requested"
"LP-4761041907121","Warehouse","partner","Spare Parts Requested"
"LP-4761041907121","Warehouse","partner","Spare Parts Requested"
"LP-4761041907121","Warehouse","partner","Spare Parts Requested"
"LP-4761041907121","Warehouse","partner","Spare Parts Requested"
"LP-4761041907121","Warehouse","partner","Spare Parts Requested"
"LP-4761041907121","Warehouse","partner","Spare Parts Requested"
"LP-4761041907121","Warehouse","partner","Spare Parts Requested"
"LP-4761041907121","Warehouse","partner","Spare Parts Requested"
"LP-4761041907121","Warehouse","partner","Spare Parts Requested"
"LP-4761041907121","Warehouse","partner","Spare Parts Requested"
"LP-4761041907121","Warehouse","partner","Spare Parts Requested"
"LP-4761041907121","Warehouse","partner","Spare Parts Requested"
"LP-4761041907121","Warehouse","partner","Spare Parts Requested"
"LP-4761041907121","Warehouse","partner","Spare Parts Requested"
"LP-5293861909051","Warehouse","partner","Spare Parts Requested"
"LP-5150061908211","Warehouse","partner","Spare Parts Requested"
"LP-5294411909051","Warehouse","partner","Spare Parts Requested"
"LP-5294411909051","Warehouse","partner","Spare Parts Requested"
"LP-48915419090415","Warehouse","partner","Spare Parts Requested"
"LP-48915419090412","Warehouse","partner","Spare Parts Requested"
"LP-5260021909021","Warehouse","partner","Spare Parts Requested"
"LP-5260021909021","Warehouse","partner","Spare Parts Requested"
"LP-5260021909021","Warehouse","partner","Spare Parts Requested"
"LP-5244841909052","Warehouse","partner","Spare Parts Requested"
"LP-5244841909052","Warehouse","partner","Spare Parts Requested"
"LP-5232511908301","Warehouse","partner","Spare Parts Requested"
"LP-5306581909061","Warehouse","partner","Spare Parts Requested"
"LP-5309771909061","Warehouse","partner","Spare Parts Requested"
"LP-4619161909062","Warehouse","partner","Spare Parts Requested"
"LP-4125541905231","Warehouse","partner","Spare Parts Requested"
"LP-5061721909062","Warehouse","partner","Spare Parts Requested"
"LP-5061721909062","Warehouse","partner","Spare Parts Requested"
"LP-3930541909052","Warehouse","partner","Spare Parts Requested"
"LP-4940931909092","Warehouse","partner","Spare Parts Requested"
"LP-5137121908201","Warehouse","partner","Spare Parts Requested"
"LP-5321481909081","Warehouse","partner","Spare Parts Requested"
"LP-5303171909061","Warehouse","partner","Spare Parts Requested"
"LP-5301231909061","Warehouse","partner","Spare Parts Requested"
"LP-5317901909071","Warehouse","partner","Spare Parts Requested"
"LP-4215681909055","Warehouse","partner","Spare Parts Requested"
"LP-3873751909093","Warehouse","partner","Spare Parts Requested"
"LP-4431401906131","Warehouse","partner","Spare Parts Requested"
"LP-5307551909061","Warehouse","partner","Spare Parts Requested"
"LP-5332601909091","Warehouse","partner","Spare Parts Requested"
"LP-5318791909071","Warehouse","partner","Spare Parts Requested"
"LP-5327901909091","Warehouse","partner","Spare Parts Requested"
"LP-4556321906252","Warehouse","partner","Spare Parts Requested"
"LP-5236691908301","Warehouse","partner","Spare Parts Requested"
"LP-5314011909071","Warehouse","partner","Spare Parts Requested"
"LP-5314011909071","Warehouse","partner","Spare Parts Requested"
"LP-5343031909101","Warehouse","partner","Spare Parts Requested"
"LP-5354541909111","Warehouse","partner","Spare Parts Requested"
"LP-5346701909101","Warehouse","partner","Spare Parts Requested"
"LP-5353381909111","Warehouse","partner","Spare Parts Requested"
"LP-5346481909101","Warehouse","partner","Spare Parts Requested"
"LP-5345721909101","Warehouse","partner","Spare Parts Requested"
"LP-5253491909102","Warehouse","partner","Spare Parts Requested"
"LP-5365601909121","Warehouse","partner","Spare Parts Requested"
"LP-5254521909011","Warehouse","partner","Spare Parts Requested"
"LP-5350191909101","Warehouse","partner","Spare Parts Requested"
"LP-5136161908201","Warehouse","partner","Spare Parts Requested"
"LP-5251941908311","Warehouse","partner","Spare Parts Requested"
"LP-5251941908311","Warehouse","partner","Spare Parts Requested"
"LP-5325071909081","Warehouse","partner","Spare Parts Requested"
"LP-5357011909111","Warehouse","partner","Spare Parts Requested"
"LP-5357011909111","Warehouse","partner","Spare Parts Requested"
"LP-4547371907252","Warehouse","partner","Spare Parts Requested"
"LP-4547371907252","Warehouse","partner","Spare Parts Requested"
"LP-4547371907252","Warehouse","partner","Spare Parts Requested"
"LP-4547371907252","Warehouse","partner","Spare Parts Requested"
"LP-4547371907252","Warehouse","partner","Spare Parts Requested"
"LP-4547371907252","Warehouse","partner","Spare Parts Requested"
"LP-4547371907252","Warehouse","partner","Spare Parts Requested"
"LP-4547371907252","Warehouse","partner","Spare Parts Requested"
"LP-4547371907252","Warehouse","partner","Spare Parts Requested"
"LP-4547371907252","Warehouse","partner","Spare Parts Requested"
"LP-4547371907252","Warehouse","partner","Spare Parts Requested"
"LP-4547371907252","Warehouse","partner","Spare Parts Requested"
"LP-4547371907252","Warehouse","partner","Spare Parts Requested"
"LP-4547371907252","Warehouse","partner","Spare Parts Requested"
"LP-4547371907252","Warehouse","partner","Spare Parts Requested"
"LP-4547371907252","Warehouse","partner","Spare Parts Requested"
"LP-4547371907252","Warehouse","partner","Spare Parts Requested"
"LP-4547371907252","Warehouse","partner","Spare Parts Requested"
"LP-4547371907252","Warehouse","partner","Spare Parts Requested"
"LP-4547371907252","Warehouse","partner","Spare Parts Requested"
"LP-4547371907252","Warehouse","partner","Spare Parts Requested"
"LP-3913191909124","Warehouse","partner","Spare Parts Requested"
"LP-5373041909131","Warehouse","partner","Spare Parts Requested"
"LP-5351901909111","Warehouse","partner","Spare Parts Requested"
"LP-5012591909132","Warehouse","partner","Spare Parts Requested"
"LP-5353181909111","Warehouse","partner","Spare Parts Requested"
"LP-5345401909101","Warehouse","partner","Spare Parts Requested"
"LP-5368451909121","Warehouse","partner","Spare Parts Requested"
"LP-5351221909111","Warehouse","partner","Spare Parts Requested"
"LP-5348781909101","Warehouse","partner","Spare Parts Requested"
"LP-4901171909132","Warehouse","partner","Spare Parts Requested"
"LP-5019081909092","Warehouse","partner","Spare Parts Requested"
"LP-5375391909131","Warehouse","partner","Spare Parts Requested"
"LP-5288571909102","Warehouse","partner","Spare Parts Requested"
"LP-5371511909121","Warehouse","partner","Spare Parts Requested"
"LP-5371511909121","Warehouse","partner","Spare Parts Requested"
"LP-4615531909122","Warehouse","partner","Spare Parts Requested"
"LP-5263881909122","Warehouse","partner","Spare Parts Requested"
"LP-5380511909131","Warehouse","partner","Spare Parts Requested"
"LP-5380511909131","Warehouse","partner","Spare Parts Requested"
"LP-5320231909071","Warehouse","partner","Spare Parts Requested"
"LP-3881331909123","Warehouse","partner","Spare Parts Requested"
"LP-5379271909131","Warehouse","partner","Spare Parts Requested"
"LP-4727381909162","Warehouse","partner","Spare Parts Requested"
"LP-5392031909141","Warehouse","partner","Spare Parts Requested"
"LP-5388371909141","Warehouse","partner","Spare Parts Requested"
"LP-4512681909152","Warehouse","partner","Spare Parts Requested"
"LP-5385221909141","Warehouse","partner","Spare Parts Requested"
"LP-5390541909141","Warehouse","partner","Spare Parts Requested"
"LP-5416211909171","Warehouse","partner","Spare Parts Requested"
"LP-3852331909112","Warehouse","partner","Spare Parts Requested"
"LP-5392321909141","Warehouse","partner","Spare Parts Requested"
"LP-5392321909141","Warehouse","partner","Spare Parts Requested"
"LP-5418871909171","Warehouse","partner","Spare Parts Requested"
"LP-3997221909162","Warehouse","partner","Spare Parts Requested"
"LP-5310661909182","Warehouse","partner","Spare Parts Requested"
"LP-5413371909171","Warehouse","partner","Spare Parts Requested"
"LP-5410261909161","Warehouse","partner","Spare Parts Requested"
"LP-5420411909171","Warehouse","partner","Spare Parts Requested"
"LP-5430391909181","Warehouse","partner","Spare Parts Requested"
"LP-5430391909181","Warehouse","partner","Spare Parts Requested"
"LP-5438141909191","Warehouse","partner","Spare Parts Requested"
"LP-5393761909151","Warehouse","partner","Spare Parts Requested"
"LP-5404801909182","Warehouse","partner","Spare Parts Requested"
"LP-5380801909192","Warehouse","partner","Spare Parts Requested"
"LP-5442861909201","Warehouse","partner","Spare Parts Requested"
"LP-5423661909181","Warehouse","partner","Spare Parts Requested"
"LP-4009311907233","Warehouse","partner","Spare Parts Requested"
"LP-5431951909191","Warehouse","partner","Spare Parts Requested"
"LP-5410241909161","Warehouse","partner","Spare Parts Requested"
"LP-4213861909202","Warehouse","partner","Spare Parts Requested"
"LP-4213861909202","Warehouse","partner","Spare Parts Requested"
"LP-5434131909191","Warehouse","partner","Spare Parts Requested"
"LP-5366911909121","Warehouse","partner","Spare Parts Requested"
"LP-5466251909231","Warehouse","partner","Spare Parts Requested"
"LP-5368951909203","Warehouse","partner","Spare Parts Requested"
"LP-4941201909055","Warehouse","partner","Spare Parts Requested"
"LP-5455301909211","Warehouse","partner","Spare Parts Requested"
"LP-5463071909221","Warehouse","partner","Spare Parts Requested"
"LP-5463071909221","Warehouse","partner","Spare Parts Requested"
"LP-5439911909191","Warehouse","partner","Spare Parts Requested"
"LP-5458261909211","Warehouse","partner","Spare Parts Requested"
"LP-5469141909231","Warehouse","partner","Spare Parts Requested"
"LP-5483341909241","Warehouse","partner","Spare Parts Requested"
"LP-5483341909241","Warehouse","partner","Spare Parts Requested"
"LP-5488851909251","Warehouse","partner","Spare Parts Requested"
"LP-5478531909241","Warehouse","partner","Spare Parts Requested"
"LP-5478531909241","Warehouse","partner","Spare Parts Requested"
"LP-5484071909241","Warehouse","partner","Spare Parts Requested"
"LP-5368901909183","Warehouse","partner","Spare Parts Requested"
"LP-5436731909191","Warehouse","partner","Spare Parts Requested"
"LP-5481041909241","Warehouse","partner","Spare Parts Requested"
"LP-5494591909251","Warehouse","partner","Spare Parts Requested"
"LP-5418111909171","Warehouse","partner","Spare Parts Requested"
"LP-4160131905251","Warehouse","partner","Spare Parts Requested"
"LP-5507961909271","Warehouse","partner","Spare Parts Requested"
"LP-5477211909241","Warehouse","partner","Spare Parts Requested"
"LP-5446401909232","Warehouse","partner","Spare Parts Requested"
"LP-5380021909232","Warehouse","partner","Spare Parts Requested"
"LP-5472061909231","Warehouse","partner","Spare Parts Requested"
"LP-5480491909241","Warehouse","partner","Spare Parts Requested"
"LP-5480491909241","Warehouse","partner","Spare Parts Requested"
"LP-5490901909251","Warehouse","partner","Spare Parts Requested"
"PV-2108801909093","Warehouse","partner","Spare Parts Requested"
"LP-3940451909289","Warehouse","partner","Spare Parts Requested"
"LP-5280251909287","Warehouse","partner","Spare Parts Requested"
"LP-5280251909287","Warehouse","partner","Spare Parts Requested"
"LP-4287241909282","Warehouse","partner","Spare Parts Requested"
"LP-5407351909262","Warehouse","partner","Spare Parts Requested"
"LP-5315351909302","Warehouse","partner","Spare Parts Requested"
"LP-5315351909302","Warehouse","partner","Spare Parts Requested"
"LP-5517231909281","Warehouse","partner","Spare Parts Requested"
"LP-5546161910011","Warehouse","partner","Spare Parts Requested"
"LP-5507441910012","Warehouse","partner","Spare Parts Requested"
"LP-5519891909281","Warehouse","partner","Spare Parts Requested"
"LP-5529611909301","Warehouse","partner","Spare Parts Requested"
"LP-5525521909291","Warehouse","partner","Spare Parts Requested"
"LP-4379881910015","Warehouse","partner","Spare Parts Requested"
"LP-5485331909292","Warehouse","partner","Spare Parts Requested"
"LP-3506691909272","Warehouse","partner","Spare Parts Requested"
"LP-5538931910022","Warehouse","partner","Spare Parts Requested"
"LP-5567751910031","Warehouse","partner","Spare Parts Requested"
"LP-4157081905292","Warehouse","partner","Spare Parts Requested"
"LP-5561261910031","Warehouse","partner","Spare Parts Requested"
"LP-5580631910041","Warehouse","partner","Spare Parts Requested"
"LP-5558151910021","Warehouse","partner","Spare Parts Requested"
"LP-5499361909261","Warehouse","partner","Spare Parts Requested"
"LP-4485861910038","Warehouse","partner","Spare Parts Requested"
"LP-4340881910023","Warehouse","partner","Spare Parts Requested"
"LP-5395911909303","Warehouse","partner","Spare Parts Requested"
"LP-4050881908303","Warehouse","partner","Spare Parts Requested"
"LP-5585791910041","Warehouse","partner","Spare Parts Requested"
"LP-39404519092810","Warehouse","partner","Spare Parts Requested"
"LP-5621391910061","Warehouse","partner","Spare Parts Requested"
"LP-4767781909243","Warehouse","partner","Spare Parts Requested"
"LP-5608911910051","Warehouse","partner","Spare Parts Requested"
"LP-4095611910059","Warehouse","partner","Spare Parts Requested"
"LP-4095611910059","Warehouse","partner","Spare Parts Requested"
"LP-4145801910073","Warehouse","partner","Spare Parts Requested"
"LP-5339931910083","Warehouse","partner","Spare Parts Requested"
"LP-5606611910051","Warehouse","partner","Spare Parts Requested"
"LP-5704391910101","Warehouse","partner","Spare Parts Requested"
